ID,TargetF1,TargetRAUC
ID_E760D84B,0,0.2652927429014405
ID_6EDEA907,1,0.7014624313083612
ID_B9FFC8D8,0,0.47284271477241835
ID_74C6C94E,0,0.44614677533359365
ID_0E02825D,1,0.8567204729091125
ID_DA1C6468,1,0.8684519182827355
ID_82EBD610,0,0.16117027643650914
ID_791C412A,1,0.9804416958016615
ID_8FB9365C,1,0.8113038031256173
ID_724491A7,0,0.3856910458495409
ID_95C83AE3,1,0.810844307558618
ID_6650ABA4,1,0.94965053078257
ID_92412BFC,1,0.9948839736748841
ID_257F4327,1,0.9870480467125448
ID_CD7A50F0,1,0.9517498543563744
ID_8A80F1B6,1,0.978268665773772
ID_90DB7797,1,0.8288565247028524
ID_4FF46045,1,0.7039516946415759
ID_33E6AFA0,0,0.42964011489467335
ID_FF308DAB,1,0.8800509483281406
ID_E6335ACF,1,0.9816765678070466
ID_00A5C192,1,0.9891958178590773
ID_C644EA64,1,0.914475646250275
ID_B922D5B3,1,0.7945197104606914
ID_4922E479,1,0.8558011982772378
ID_1B6F3B46,1,0.7614389712840484
ID_1E3C23E7,1,0.978429134877889
ID_C9E61B00,1,0.972482089737369
ID_3A4C3214,1,0.9836651798698615
ID_B70DC075,1,0.9934602568599358
ID_37FEC45E,1,0.9922083379386093
ID_04E5F26F,1,0.9909041183154276
ID_CED509CF,1,0.9920098761787162
ID_DCD98292,1,0.6743749434341666
ID_FEFAA255,1,0.8841484503380524
ID_1C24DA16,1,0.989984236752209
ID_0FB18B11,1,0.9790198432480413
ID_EB1ED24C,1,0.9944265388924124
ID_E987B903,0,0.48693821823272637
ID_F1BC780A,1,0.9476898233785805
ID_BA6C0C58,1,0.9651350905259313
ID_A7CB9837,0,0.22694140247368488
ID_5FCD1EA3,0,0.10971112838055969
ID_81A71445,1,0.8022035252882632
ID_667AEDE0,0,0.199317635404428
ID_2321FB97,1,0.8439965427512308
ID_4738ABDA,1,0.9883955461432778
ID_6DF23A45,0,0.17153572151915178
ID_5033C878,1,0.953412828289408
ID_64691B48,0,0.0429742173722731
ID_B7A3CC04,0,0.23868683101849442
ID_B2F4942A,0,0.11852016512152412
ID_4DA54BA7,0,0.34014748053955834
ID_37CDF050,0,0.10278211547297918
ID_BF308F64,0,0.319181894754421
ID_23C954B8,0,0.20069499024751858
ID_2CAB42BB,0,0.08066171307376528
ID_28FC36FB,0,0.04233077092408923
ID_E9FB2EE0,0,0.25401460590062713
ID_40E0E560,0,0.254871071047881
ID_6390D5E3,1,0.691523712164228
ID_14816EA6,0,0.24694815044399965
ID_0BA591EF,0,0.18212569018564925
ID_3FE2AD00,1,0.7751621599600242
ID_ECE8827F,1,0.9373318078718835
ID_E8447477,1,0.9606517437314525
ID_FC0EEFB3,1,0.6077535089208165
ID_C04F966D,1,0.6070150206402982
ID_8A1BB4B5,1,0.9636384249545545
ID_8F7535A8,1,0.986796128706791
ID_F0E81248,1,0.6270638667703972
ID_BEE12475,1,0.989866434693868
ID_3C31D099,1,0.9839350905939449
ID_9251B100,1,0.9800319990281284
ID_9B7CB467,1,0.967660374328639
ID_1361BD75,0,0.26239267842892117
ID_794D8957,1,0.9892371963823492
ID_DFEC4687,1,0.9805086622563768
ID_2942441F,1,0.9917820569659147
ID_A0D3A8EC,1,0.9796259669214001
ID_4B2DB0F9,0,0.1791924904408342
ID_D84255BD,1,0.674471894444483
ID_6AAEAE8D,1,0.993637914956656
ID_85FA5EED,1,0.5930424740074874
ID_8AEFEADB,1,0.9556294016999431
ID_019770DF,1,0.9911056747062167
ID_993EA802,0,0.45988764043470015
ID_84316E57,1,0.9731087784839839
ID_B05DFB77,1,0.9915842121106389
ID_8DF97D0F,1,0.9920633517390754
ID_7E9F2BAA,0,0.3709149117954156
ID_68029D80,1,0.9939451872070428
ID_85B6C676,0,0.31381924497626706
ID_DF32D72E,1,0.7453795424500623
ID_471C11AC,1,0.971618603995288
ID_4C672D7E,1,0.6974660864511709
ID_2B9DF127,1,0.9813419941829875
ID_1F7E202E,1,0.9842374176887789
ID_EEFE9B75,1,0.9811747323736819
ID_D12EA07C,0,0.1428285956553572
ID_88FCF4B6,1,0.8588058238705969
ID_6E5C17E5,1,0.851690014608443
ID_F59245FC,1,0.9883934674955808
ID_0562A431,1,0.5123027003219379
ID_56C774E2,1,0.9714242506750734
ID_C640170D,1,0.9769838193764566
ID_A2C7F38C,1,0.9295743999333524
ID_032EDDF5,0,0.4736482166392424
ID_3DAA458C,1,0.9792904146162741
ID_9435A135,1,0.8466060350924453
ID_532CCEE8,1,0.9813136823228956
ID_AA78D0D0,1,0.966603975983479
ID_02E167CB,1,0.9720843513878373
ID_B366A33F,1,0.9925373151628443
ID_3C0F4D77,1,0.9735476392512136
ID_96239BA8,1,0.9825200510722607
ID_AF250671,1,0.9557233215826427
ID_7FA74CD1,1,0.9800677252207587
ID_7FF7F248,0,0.29888034327676766
ID_F128076E,1,0.9715307475334319
ID_F6CE2E6C,1,0.9849136712423464
ID_CD783113,1,0.9922033298302614
ID_401F6ED7,1,0.9823082616057008
ID_051CB1D1,1,0.9942323749409723
ID_4E257780,1,0.5643052449213806
ID_32418073,1,0.9891246227153534
ID_D45A4EFA,1,0.7180485435946059
ID_962FAE12,1,0.8620094538538278
ID_6926B74B,1,0.9660928642431514
ID_874FD745,1,0.9606694445796252
ID_FE70B6E0,1,0.5578274584443439
ID_8F1B3020,0,0.31915765427594295
ID_BE933B4B,1,0.9724447572066174
ID_1D341F7C,1,0.9914358913513938
ID_5F4441FC,1,0.6117981192470628
ID_877F9101,1,0.9899041072083571
ID_4B0D8A92,1,0.8404464601049334
ID_E8F4B53D,1,0.8656609803480421
ID_3ADC768C,0,0.2425554107421556
ID_90EA271F,1,0.9614252540321182
ID_5537F205,1,0.5991944494571929
ID_0772B55B,0,0.36753674511871776
ID_76953BF3,0,0.24556506105862042
ID_DB7EA21E,0,0.4879355591162536
ID_371647D8,0,0.4948792357304374
ID_719B8D99,0,0.499101969975714
ID_A9C9D49D,0,0.39322211219280906
ID_199BF069,1,0.7663635403858274
ID_72A59036,0,0.18387887023438954
ID_4B36C7FA,1,0.9457673298646906
ID_70F36923,0,0.09034261705978024
ID_3F5AD800,0,0.3552148639594754
ID_6C598A9B,0,0.12624150930095668
ID_7E71F6C6,1,0.5377106699797992
ID_EB7B1BD7,1,0.9532991442883519
ID_B8433149,1,0.569096429881733
ID_65400720,1,0.7714715196885065
ID_F7F14A13,1,0.9700945841522092
ID_46F83BA8,0,0.4498955785271965
ID_61AAA409,1,0.9639803916258819
ID_4B3075F5,1,0.9869266621224373
ID_6E2E13F5,0,0.2984831353786502
ID_EE74BE9C,0,0.2821733396276768
ID_2F932C81,1,0.6116757549307472
ID_B7A07307,1,0.6048845685666345
ID_3A6CEA33,1,0.9838142599419971
ID_26D068A6,1,0.9386856825874866
ID_62D6E61B,1,0.9778095204584233
ID_8333AF2A,1,0.9881231898722723
ID_EF55E066,0,0.21384408681044031
ID_E46278DA,1,0.9426572796862277
ID_5567010E,1,0.9922342581032728
ID_682474AC,1,0.9645747335979914
ID_F97320F6,1,0.9839780641456549
ID_1C986462,1,0.9825662779040137
ID_27318359,1,0.9902250372816311
ID_222270DC,1,0.9947340513317529
ID_52DEE93A,0,0.32319517885599797
ID_5FBD00D7,1,0.5929192291769865
ID_9C9B5558,1,0.9935319276673865
ID_532A51AC,1,0.6700465715326912
ID_97B1AD5B,0,0.4343087281714843
ID_056ADE94,0,0.4788140937848231
ID_FBAA0AD5,1,0.6603241016480911
ID_2361B215,1,0.9831215805928611
ID_AE60B971,1,0.8163717018858107
ID_0DA0353F,1,0.9841340050442459
ID_5C28F7B4,1,0.9158133638158964
ID_9E57007E,1,0.9731415391122583
ID_B5E06820,1,0.505669867131676
ID_70A6F678,1,0.6901233153312152
ID_3EEFB9A3,1,0.9495600798533825
ID_E1AF8A93,1,0.9608254268113119
ID_7EB7C52F,0,0.36032487493866655
ID_5725278D,1,0.5942666080392395
ID_A684C083,1,0.9711717238779318
ID_CFF6D4D0,1,0.5898103402394211
ID_EA510978,1,0.9751275413452912
ID_109BC4B4,1,0.9805620798472571
ID_B841EDCE,1,0.7564896020699088
ID_990D7AA6,1,0.9943534854991963
ID_D38EE3ED,1,0.7966879075760512
ID_FBA0B573,1,0.645295575316342
ID_13B4C990,0,0.2780237394534905
ID_9CAB28AC,1,0.9394053718886516
ID_123A6C18,1,0.9959970983964933
ID_93C780E9,1,0.9320648601344917
ID_18B398CF,1,0.9566687684391163
ID_F41DBBC5,1,0.9918476891551125
ID_A6E2BDB2,1,0.970410856813889
ID_1746BF7E,1,0.9775833987335513
ID_9EEC3A93,1,0.9837853444172445
ID_1E192E61,0,0.48278130283433224
ID_5AC55F7F,1,0.9750406985466205
ID_9D362AC5,0,0.4239965283045554
ID_1275E770,1,0.994734138783171
ID_F43E568D,1,0.9930626716689831
ID_E7DB224A,1,0.9886229561693395
ID_713D4B6F,1,0.9941239031903218
ID_42C9E95A,1,0.9857563224270388
ID_14555504,1,0.9652712472247332
ID_FAB43532,1,0.9758587202273502
ID_9A78E971,0,0.11699442596216388
ID_948A28A2,1,0.965831380964122
ID_5BCEC81D,1,0.9707708152374983
ID_FF8E2666,1,0.9663182180938139
ID_4B87620A,0,0.0943511272151795
ID_0E1B50C7,1,0.9930404611688974
ID_773026A8,0,0.4018532248360322
ID_786C9CA9,1,0.7399614455463223
ID_9A4B8C5D,1,0.9648241534496945
ID_49927622,1,0.6281936101979549
ID_87280DBC,1,0.9985436936382474
ID_1AA72786,1,0.6901493808594387
ID_B9B800E4,1,0.9946411134488722
ID_F5E9FDA7,1,0.9945446231228333
ID_00C07212,1,0.5594133090445729
ID_7192AC47,0,0.2651141761786366
ID_840B6CE1,1,0.9627352541410287
ID_7A33DEB0,0,0.4456235162768627
ID_9342D705,1,0.9678420252633656
ID_8911C6F3,0,0.4025243337114444
ID_01EE4352,1,0.714256663397767
ID_392ED006,0,0.2323464920973116
ID_7D020A3E,1,0.9818582028597028
ID_2D47B733,1,0.7060545793891722
ID_E09C36B0,0,0.2980853460318054
ID_5AAD02C3,1,0.9481973060562859
ID_544FBFA3,1,0.9311617363537065
ID_78523CE4,1,0.9802000756115546
ID_2C0D9992,1,0.9862401996600413
ID_1D19FEA3,0,0.3465996498210211
ID_C0A344A2,0,0.39662524453792075
ID_BB944785,1,0.9873463706231816
ID_8570E515,1,0.524242304609919
ID_63F6942D,0,0.1706719161642959
ID_47DBCF7F,1,0.946551921170124
ID_936F5D06,1,0.649957490869077
ID_7DEFA08D,1,0.9898877194779901
ID_0C58A90D,1,0.9810847585182195
ID_DC0FBDBA,0,0.14892781768618504
ID_81632C01,0,0.13848576760409256
ID_FAD9AB1A,0,0.21254862413612421
ID_091374DA,1,0.9061856192537904
ID_C304B191,0,0.1347326228260192
ID_8FA929D9,1,0.9440249167542131
ID_41F626A9,0,0.2408974978373377
ID_F2CDE152,1,0.8936996865384336
ID_9939F007,0,0.16783710568025387
ID_91EF5C97,0,0.1374225369140136
ID_4E899BF0,1,0.6588778741690785
ID_C934BA5F,1,0.9176564717740829
ID_15900459,1,0.9133970897122466
ID_5B3B35D8,1,0.9804579069350435
ID_B8111312,1,0.9799961963538008
ID_3B0EFBAB,0,0.43982732716007833
ID_D7816F53,0,0.1469717132780293
ID_C4FA9A63,0,0.16957180078685605
ID_689E3F3C,1,0.9534615384860959
ID_CA06AE89,0,0.21157164852234192
ID_B2C94A50,1,0.7603970281520839
ID_21E01D6F,0,0.041298817442659654
ID_5A2EA94E,1,0.8316612133519746
ID_7F5CD946,1,0.6647246955782351
ID_8B0BBB9A,1,0.7563273037985212
ID_BA99B0DF,0,0.3208425050732442
ID_F408FBA7,1,0.5299188484366322
ID_AF0F2F12,0,0.08998067793902635
ID_1870213C,1,0.5686857304540545
ID_2874319C,1,0.5116367426969236
ID_2755AA0D,1,0.6278563732292055
ID_3CFB1830,0,0.4748504263164393
ID_CE98E9D2,1,0.9850539870885476
ID_7C5BF1F8,1,0.598181034369194
ID_49686BE8,1,0.9902860237660397
ID_B49D4FD7,1,0.9570443529237108
ID_65E962DA,1,0.9855401900864712
ID_0CE994FA,1,0.9547396941866029
ID_EABB3781,0,0.4157205161872238
ID_0CF208A1,0,0.24819920984630758
ID_6FDB0FE5,1,0.9894535681415452
ID_1654D304,1,0.9909336332990645
ID_E21149F8,1,0.9614196022689333
ID_472E6965,0,0.1624828315169878
ID_EE3D2F76,1,0.980184232533945
ID_E2FB9F7C,1,0.9624006515021692
ID_81E96BF3,0,0.08321223855214287
ID_B1BB9AEA,0,0.4776810320439628
ID_D0FB9038,0,0.03270443026877048
ID_9B37F983,1,0.9750772427023056
ID_F3D0FD01,1,0.970443192869181
ID_1DE98600,0,0.18824634903020698
ID_6D8EA30A,1,0.9487872872366926
ID_30C55FE3,0,0.08960406732953725
ID_E17E370A,1,0.9698216943875609
ID_2C45D8AB,1,0.9613740991319499
ID_33082C3E,1,0.967106550936277
ID_B1B3A6F0,1,0.8651440824354291
ID_44FA87BB,1,0.9616841206317858
ID_E6B1C982,1,0.9900008296383312
ID_76BABA2F,1,0.9823306494206486
ID_A53937E5,1,0.9619794385185744
ID_3422A1CA,1,0.5724674161808598
ID_56D6B46F,1,0.9645113455664697
ID_D35FCDC2,1,0.8238560817114329
ID_11DC963B,1,0.9882903575528582
ID_F9664879,1,0.9146703807243973
ID_0299D0E8,1,0.9862836975434295
ID_BFCFB4B3,1,0.8855022052897085
ID_CDADA7CA,0,0.15482890595638826
ID_2E63E38C,0,0.09315370081769238
ID_5188D2A4,1,0.9821598171460725
ID_97CF6588,1,0.9856663739330589
ID_E1F7EB72,0,0.3005837822317659
ID_737BBF10,0,0.25354508546414445
ID_4CFAC288,0,0.41154203641383497
ID_B8A06CE5,1,0.9514775749620509
ID_26F5D73F,0,0.4065579764862397
ID_7B1FF645,1,0.9765227658357426
ID_2EC547B4,1,0.5878763997057891
ID_D24ACDA6,1,0.986593704098001
ID_F1B7203B,0,0.38556504521814067
ID_7FAC693D,1,0.9047174897592782
ID_E591B3CD,0,0.1253514373106185
ID_AAE6FAD1,1,0.945936753087785
ID_AA649819,1,0.9758314642035918
ID_9EC112E0,1,0.989706219979494
ID_F41271B0,1,0.903144287859098
ID_5091E3FA,0,0.4189151421525195
ID_54B881C5,1,0.9811411687459772
ID_F544D34A,0,0.3135815710314629
ID_42078A4F,1,0.9102296568455771
ID_3206C9FE,0,0.3879428807677922
ID_B3D6AE03,1,0.9890027944472727
ID_882B591B,1,0.9695569632354127
ID_AAD80969,0,0.09934922246610937
ID_0E971FAE,0,0.2792886531843844
ID_C6D1DF0F,0,0.11507417600307597
ID_28DBEBF9,0,0.04125697206105689
ID_076A5F43,0,0.09567008406802262
ID_36C8AF99,1,0.9324851953296794
ID_64EF7896,0,0.04465753099161871
ID_2AC9E359,1,0.9813343047683422
ID_F614A63A,0,0.2868856646287928
ID_563DBABA,1,0.9911072451966486
ID_EB1FA3B5,0,0.09894520057330919
ID_9A01F83E,1,0.9790667773786147
ID_A74C59C8,0,0.4367270163878782
ID_DD58175D,0,0.29367131115875605
ID_382F9997,1,0.9734024349975287
ID_35848939,1,0.5423651038733877
ID_E9B2D588,0,0.28465044569925935
ID_B03843C1,1,0.9966609935095807
ID_303B4B7F,1,0.9436538696097414
ID_099199E9,0,0.2317442605747453
ID_DC87A899,0,0.04726035328730047
ID_79378933,0,0.22671137199473793
ID_41F3F0DB,1,0.9892236713822009
ID_968D52A6,0,0.33475465856732717
ID_CAB0FF2A,0,0.20122598605541023
ID_DCEF8419,0,0.15034123971706712
ID_CE63260A,0,0.40608463420761476
ID_DE436165,1,0.9813895173363804
ID_E608D60B,0,0.0964269443607021
ID_E8E1FBD7,1,0.9573087530167532
ID_1E498B57,0,0.045903032227164305
ID_B451EEA7,1,0.9644547302577925
ID_7377A417,1,0.6967313991359174
ID_EBCDB127,1,0.9499044008488867
ID_B1B6D17D,1,0.6387952876836375
ID_463ACCCC,0,0.4362011371065789
ID_4B6C020F,1,0.9839617310798753
ID_50DE2099,0,0.4078600807758326
ID_BF9E62F4,1,0.9878591715705003
ID_302B988D,1,0.6605539836734209
ID_6D313E5B,1,0.9668700427626655
ID_F6EA2C0C,1,0.990377768085794
ID_B754479B,1,0.6282348392801226
ID_49D7DA98,0,0.171765295428887
ID_FA11B039,0,0.33512151003657903
ID_A94E4ABD,1,0.5898745230655295
ID_89069D96,0,0.21936809256796774
ID_3BE6B468,1,0.9579517979748534
ID_F21D2629,1,0.9965926145726595
ID_9DFD825B,0,0.21178742757705007
ID_987CE5E3,1,0.6488734862979534
ID_C21041C9,1,0.9852744804731542
ID_F8E7863F,0,0.35756055244838963
ID_3085B625,1,0.994643530270554
ID_91A23E88,1,0.9676468779861548
ID_3FCC2A69,1,0.929133612463755
ID_A873FF56,1,0.9822706716938067
ID_EEC09DEC,1,0.9916557026750527
ID_09CE5707,1,0.9924034160120933
ID_3CFCFF9A,1,0.9905251600240089
ID_B2346D84,1,0.9928990040726039
ID_09C6FE91,1,0.9848470109277891
ID_94B070D2,0,0.32514620021064233
ID_9FA29A95,0,0.26527259923877633
ID_F1090F03,1,0.9636060560335462
ID_99156C00,1,0.9419235963862679
ID_8BA9045C,1,0.9811971807052059
ID_CDA60986,0,0.04880620510480913
ID_AAB574B6,1,0.9831526706117283
ID_7A1B5366,1,0.913892930146195
ID_8D5815FA,1,0.61567046521019
ID_8BEFF27C,1,0.9865596416696736
ID_CBD940F9,1,0.9939980969085399
ID_58F1C5F5,1,0.8638650445185497
ID_F8E7705D,1,0.5353385155904019
ID_7E02C17F,1,0.9059469973678901
ID_B8346107,0,0.06129233315949175
ID_3BA5F88C,1,0.9166127195045518
ID_46928C1A,1,0.8426558069613694
ID_45094378,1,0.635790224299211
ID_F3BDB14E,1,0.6770495762949963
ID_8C7E82F8,1,0.8500351279425654
ID_356EBF60,1,0.9879632110510136
ID_DACBBD85,0,0.013241622585477774
ID_BFE0234F,1,0.9021617512492813
ID_EB18A321,0,0.10838948444193859
ID_A6D702B7,1,0.9878835722053602
ID_04DD0D77,0,0.4872777500883492
ID_BB01F488,0,0.26582164436080813
ID_AECECAA4,1,0.8173752264019645
ID_2319E085,1,0.9892183387999447
ID_6DD27B4F,1,0.9543745336939916
ID_77C92125,1,0.9364202760836172
ID_E9985D15,0,0.4929371681087698
ID_229F1917,1,0.9840073447940627
ID_7AE3CAC6,1,0.9895424442186634
ID_25F697A3,1,0.8377452605781263
ID_A571168B,1,0.9880525869734235
ID_B2DA3DCC,0,0.16833278390638107
ID_754FBABE,1,0.9655836907286272
ID_5032173B,1,0.9294353819679978
ID_F8CF01E9,1,0.9822008460918185
ID_77AD88EC,1,0.9685467489314918
ID_C59E900F,0,0.20802973789227838
ID_618B9562,1,0.9429216389711659
ID_46524AA7,0,0.12701636968868868
ID_DBED9C34,1,0.8044302714730928
ID_E2F592AB,0,0.055619086739294644
ID_13763A0A,1,0.9301986491954043
ID_6584C399,1,0.9893849219221105
ID_027D1FF2,0,0.2923940924349547
ID_7CFBC22D,1,0.9310682345481514
ID_C06834DA,0,0.15102810155572266
ID_FE0FF944,1,0.8170183858728186
ID_7FCD47D2,1,0.9889684455904911
ID_BBF62A0C,1,0.934151748656773
ID_E906B3CB,1,0.9540525333675084
ID_285B477A,1,0.968647633325547
ID_16485879,1,0.9037623702851251
ID_675FC7FA,1,0.9863137412529542
ID_DE9EE061,1,0.9833046326587965
ID_FA196174,1,0.9738304985324128
ID_0BB3B2EB,1,0.8270205100232726
ID_AD37D05E,1,0.9470399390054478
ID_54C88E9E,0,0.21208506989709752
ID_3F138D6C,0,0.3529952009961101
ID_88CAE640,1,0.5495906953030353
ID_96774B0A,0,0.4357830956317748
ID_5F993DC3,1,0.9419479314445781
ID_2966F18D,1,0.5683451601483444
ID_A77318D0,1,0.8921003274952216
ID_1C8C238A,1,0.9898435286540619
ID_EAF569D4,0,0.11770117739960541
ID_1021C45E,1,0.5878692673800812
ID_CB5F44E3,0,0.23347102387025698
ID_F938B1E1,1,0.5500755961870382
ID_813F55CD,0,0.06045336099847271
ID_3EC7D5AE,1,0.9302108021877574
ID_71064EC1,1,0.9139620171106059
ID_E920C61F,1,0.9819920871229285
ID_1154F4ED,0,0.3500966910908478
ID_6D6AD6DD,0,0.379467885833254
ID_69B133D7,0,0.3855574599523696
ID_226E739C,0,0.3513423168536698
ID_5EB384E7,0,0.2669249878146347
ID_343AF679,0,0.1512065498488605
ID_A66A7B54,1,0.9469104443191796
ID_10686B68,0,0.08304891777774215
ID_51F0EEF9,1,0.9262021849581927
ID_35136830,1,0.9865723305835202
ID_80F99E06,0,0.3478299723117823
ID_F2135D0E,1,0.9230571823890408
ID_86385DE9,0,0.366812486916243
ID_2C6A24F5,0,0.10866483293348239
ID_01930656,0,0.12938092377312843
ID_2045D210,1,0.9758821312515663
ID_3E3FD267,0,0.03863653094894453
ID_439BAA21,0,0.07406999517949699
ID_81F29313,1,0.5389182461461627
ID_82B23887,1,0.9125038872827419
ID_F248F158,1,0.9413888348614057
ID_7834C270,1,0.8777001251165246
ID_0F39F307,0,0.12060819244269838
ID_4D357587,0,0.15144506944742953
ID_CB8C7FC0,1,0.9403876008601492
ID_9315CAF0,1,0.8033345733373026
ID_12E68B57,0,0.1296138623478801
ID_8D8F789D,1,0.9337419749564432
ID_74EADF28,1,0.9912856855577364
ID_536A6DBC,1,0.9472766124087264
ID_3377A8AB,1,0.9834472274998718
ID_498C39A9,1,0.8663407150292617
ID_CA874018,1,0.5596959386897845
ID_E6D9ABB0,1,0.9704074401467163
ID_6A63EA8F,1,0.6243088399855276
ID_996EAA66,1,0.9831325593011631
ID_D6C7F336,1,0.945781063172347
ID_0FCFA51D,0,0.12205603048850637
ID_825BF98C,1,0.9653433108109581
ID_3918F407,1,0.9665097039261447
ID_DBC37E40,0,0.488924879420726
ID_C854A596,1,0.9127348684201069
ID_716754D3,1,0.9335391242104265
ID_E312B5F1,0,0.23632856035060712
ID_70C24D73,0,0.11530549573352895
ID_569A1AC9,1,0.9522977964967682
ID_707C2916,1,0.9740270132499207
ID_0D93CC80,1,0.8974707715756564
ID_136D179F,0,0.21790993811133752
ID_FD7104D3,0,0.04110729259913299
ID_15396813,0,0.1221995503660274
ID_D89FA3F8,0,0.13269813063414485
ID_E308FE82,0,0.30959846676465186
ID_84CD0003,1,0.8813653752082337
ID_5B04ACA0,1,0.9744453524177233
ID_D46ACFEB,0,0.1437291338111657
ID_22D9DBCB,0,0.42066954870749473
ID_A1A026D9,0,0.2134548021225231
ID_9024FD7B,1,0.9758093968867506
ID_B2C93644,1,0.9661959839300523
ID_FB39175E,1,0.606729635627127
ID_1DB32B9D,0,0.3603642874010693
ID_90C6A3D0,1,0.8569080858084172
ID_846D8421,1,0.8823927808323653
ID_941E8BDE,1,0.9615732847973616
ID_CB5439AA,0,0.11541634618728912
ID_9F0A3029,0,0.24288269326280834
ID_6DD0764E,0,0.2133191145576092
ID_BF079D9B,1,0.5067387398441301
ID_B5A62F88,1,0.7482336789225673
ID_51E638D8,1,0.925711229925132
ID_C27F2A95,0,0.15823107849339857
ID_810F9EF0,0,0.3280876708225662
ID_7FBEF275,1,0.8948414624395694
ID_609394D9,0,0.14943395037914395
ID_E2EB39B2,0,0.38471075128384863
ID_5BB483C7,1,0.9614429752667831
ID_3ACA4301,1,0.9628010007446144
ID_A791B2D6,1,0.6347703543828085
ID_921C784B,0,0.3547903132478052
ID_177D2958,0,0.2037121986082888
ID_D35A3A4F,1,0.8702464866079126
ID_072F6799,1,0.9749194287913111
ID_1D00052B,1,0.978371179968662
ID_CCA8BDAB,1,0.9692017661432925
ID_D0A99844,1,0.9777293686296158
ID_F8009D80,1,0.8905200212098765
ID_AFB4934C,0,0.27484757154378575
ID_C491377E,0,0.13514493699746474
ID_B4F9E365,1,0.9706073953775074
ID_84A6A866,1,0.5014553625560182
ID_2F1547ED,0,0.042269321079645865
ID_528E3E1F,0,0.2012614242494435
ID_1B2D8DA3,1,0.9590616745999426
ID_4D0BE9CE,0,0.36407519709970365
ID_E9456C2F,0,0.15116820415777812
ID_D46D8868,1,0.7282314235806844
ID_0D076EF3,0,0.19602097930583565
ID_F70D46BF,1,0.559060186951267
ID_63788172,0,0.35263559661210175
ID_84481A28,1,0.9904650777609008
ID_8B0FD419,0,0.47361042110915347
ID_88FBD9FE,1,0.9359277291149865
ID_AFF92F3B,1,0.65989771961317
ID_4620C088,0,0.037062401445262794
ID_D416683A,0,0.33098189307663883
ID_951DDB23,1,0.9479482196549842
ID_AF3466F9,1,0.5018106841236958
ID_0256959F,1,0.5973824388925131
ID_27EAF684,0,0.4135822796138784
ID_8E1CFC61,1,0.9392443720418147
ID_2F705845,0,0.08438853327017216
ID_0A870699,1,0.954894524030833
ID_CD27AC3C,1,0.9437858782811205
ID_2C9E9B22,0,0.18463928130139415
ID_ECEF8B2C,0,0.412788338816251
ID_8987366A,0,0.04064421180383746
ID_D4F9857F,0,0.2940311380606666
ID_761512B5,0,0.07381095436656611
ID_61CC884E,0,0.2096518021190993
ID_BA5A8386,1,0.982551016806395
ID_42AD4C93,0,0.1109257681416163
ID_ECF4B640,0,0.2716992820281685
ID_BBAAC453,0,0.42565176224053053
ID_2A52C626,0,0.45079774109375353
ID_2FC523DC,1,0.8800566134206912
ID_86823F0B,0,0.28206115198685927
ID_B8FC1F2F,0,0.38054200094063767
ID_E925B66F,1,0.5359181022054028
ID_EA5BFDFC,0,0.35198371769827963
ID_A8162D4B,1,0.583061091076558
ID_3A26993B,0,0.2903730063506173
ID_4E786A09,0,0.13098524288527524
ID_24772B21,0,0.29312851918450483
ID_A4A2D7C7,1,0.8629773424976012
ID_95F38480,0,0.33355974088662194
ID_B5DAA9EB,0,0.22056552014412426
ID_B12865A6,0,0.25707534687227945
ID_DE54B4C0,0,0.08200879504549576
ID_8947AF2C,1,0.9317265574470528
ID_3F6E9CE1,0,0.20053227853324937
ID_622D8A31,1,0.8288206578765331
ID_D224B5BE,1,0.700491419620786
ID_134EC5DE,1,0.5835215145826163
ID_1C941F23,1,0.9891964262668207
ID_92050DCB,0,0.43543764902543947
ID_F3C39475,1,0.6372517423786664
ID_95A802BA,0,0.32549692445387074
ID_FB341D39,1,0.9676995032595501
ID_9871A190,0,0.2847537298017317
ID_86247DBC,1,0.5109796550710892
ID_FB3C08D5,1,0.7073002586556468
ID_1877818E,0,0.2664182951256738
ID_91980D61,0,0.14496398467014635
ID_459CFCFF,1,0.5706680001138301
ID_52E765DB,1,0.9906927009408628
ID_88E7F564,1,0.9324058577837824
ID_23875176,1,0.9548913288104895
ID_540A7CD2,1,0.9769701017935165
ID_9F62E63D,0,0.02668127874896044
ID_167CF914,0,0.04786093825654525
ID_985AE903,0,0.3868425262803126
ID_40A1C103,0,0.15019071447877982
ID_B5CD7941,1,0.9528474429203581
ID_E2EE0B60,0,0.17336182222907812
ID_5BFDAF55,0,0.22065492949649568
ID_B853DFB5,0,0.11761577457209789
ID_9ACC49DA,1,0.6680389818389779
ID_0E2726F9,0,0.06513652007522622
ID_178E6372,1,0.6750727970418476
ID_B774E80B,0,0.07017229680712712
ID_B41C407F,0,0.3301307055238724
ID_1A16618C,0,0.20440211095460073
ID_7A38355E,1,0.842130639511435
ID_B95E2884,0,0.11883220371088316
ID_486C0198,0,0.2660975183313437
ID_DC8E3C88,1,0.9790682605644537
ID_22D77532,0,0.3459147008630417
ID_C8D6B3EE,0,0.3047867699538438
ID_BFF5DE26,1,0.9611750157182138
ID_A72C1369,0,0.19695661946270918
ID_5062503C,1,0.9294616105447572
ID_A2F2E5E6,0,0.3770263229831768
ID_5BAACDFE,1,0.8410499506290732
ID_F6AFCC99,1,0.9443137639476852
ID_F54AA6DE,1,0.9586545392758555
ID_5D247138,1,0.9604036720276233
ID_5F839CA2,1,0.9609293597201826
ID_D04A96CC,1,0.5730175031579142
ID_9A614080,0,0.09357032046544994
ID_1731B0E1,1,0.6698928569150553
ID_E012245E,1,0.9316668915937906
ID_4588F2E5,1,0.9720604785077777
ID_8454A209,0,0.09356699928716179
ID_9293E58F,0,0.22382978479962487
ID_8D84F4BA,1,0.9550702045957032
ID_7623AA39,0,0.07107716929301701
ID_ED18E367,1,0.5151266629863012
ID_98E829DD,0,0.36152679054264264
ID_22BFF34D,1,0.8867063990125338
ID_0167AD33,1,0.9880044549358084
ID_76A60DA1,0,0.156234065064255
ID_04F500FF,0,0.44903249411168006
ID_46ECC605,0,0.17180810587417442
ID_614EEDC9,1,0.9577627791815152
ID_6FECC7E5,0,0.35792919423111424
ID_2C9C0305,1,0.9673714413048952
ID_F7B32980,1,0.917698874187495
ID_BBD58F09,1,0.9105130014170321
ID_302E21FD,1,0.9921483659199982
ID_2A383365,1,0.9084548133049597
ID_52FBB47E,0,0.4032373948947985
ID_31CAA276,1,0.8383416922781107
ID_37081CA2,1,0.8042087057709129
ID_CB8E4CF3,1,0.8004743967468563
ID_F47B39FB,1,0.5107008853826566
ID_FCC643CF,1,0.6060040859841999
ID_27D6A018,0,0.1935332426398916
ID_4FD92E7F,1,0.927220229436002
ID_5EA52FD4,1,0.9871223396307979
ID_B617A0B2,1,0.9085029895294933
ID_782478AF,1,0.8943195536838173
ID_38EC8944,1,0.6595146187186149
ID_1ACDD97F,1,0.9835888288248396
ID_9EDB4157,0,0.4390568297727286
ID_05CC5051,1,0.9739850508258389
ID_A8D54989,0,0.2745200498051423
ID_FE510473,1,0.9156594464623117
ID_04B8CE61,0,0.35052840044661654
ID_3B5B271A,1,0.8872599929694612
ID_1DEE523A,0,0.03252486038289121
ID_1E95D879,1,0.9362862319445512
ID_71B160EE,1,0.836247745986673
ID_2A596B35,0,0.1339217806023184
ID_15486BB9,1,0.8534460999990131
ID_C0ABA923,0,0.035779453242928354
ID_B3BE1FE9,1,0.6568972127901788
ID_F50E013F,1,0.8672236728401718
ID_3F61C60B,0,0.07891644365835117
ID_3F1E2CD8,1,0.9838635799049666
ID_0A971289,1,0.9630453013844401
ID_03E2D383,1,0.9773193945561603
ID_5D204076,1,0.891325033344473
ID_0686654B,0,0.4036001814484694
ID_D0B4DE66,1,0.6593796442600887
ID_7126CFA9,1,0.9540671862966645
ID_A2486114,1,0.9792784097038822
ID_5E476866,1,0.9657680540996721
ID_D7E29E78,1,0.891518792989212
ID_A401EE14,1,0.9764929355343158
ID_4FC64B34,1,0.8391533519520212
ID_D4F633DD,0,0.1713507541746563
ID_A0C3071F,1,0.88716304479825
ID_BBCAFC5F,1,0.8954664341243964
ID_9ADBC631,0,0.11553713804279792
ID_7F302EC2,1,0.9753260868673644
ID_6B5C208F,0,0.11816692393974464
ID_83892D2F,0,0.3040231917108777
ID_EFE92331,1,0.868593270608399
ID_CB26602E,0,0.3120854761767137
ID_9A43B5BC,1,0.9525152360129593
ID_5A135691,0,0.36353399291107813
ID_EE841349,1,0.8887255096498045
ID_75CD9AED,0,0.258770267284301
ID_5388DDBA,1,0.91511091896757
ID_E429B966,1,0.97334534959892
ID_35E9CE90,0,0.10373360823072357
ID_72B016C7,0,0.07902855819695348
ID_CC5072C7,0,0.031827889015445206
ID_9D858406,0,0.30668374579201124
ID_FA606576,1,0.953272413117193
ID_99410CC9,1,0.9106057517388231
ID_22C205EB,1,0.933177890640375
ID_006DCA07,0,0.34620683068076646
ID_D3540D0E,1,0.8557966260293458
ID_B181CD3F,0,0.08594983188396343
ID_8F219D52,1,0.7114380352147469
ID_5ED91935,1,0.9442478482929711
ID_771470D7,1,0.7788294410782739
ID_73CAE2AE,1,0.9678290124381709
ID_49EE564D,0,0.28038853641047484
ID_C65FCF01,0,0.1306016957561882
ID_4A540B83,1,0.8009871312464361
ID_D03EB2D5,1,0.7803291878317801
ID_1525DC3E,1,0.7229239912651048
ID_E6A88E0D,1,0.84338235925125
ID_5D3867EB,1,0.9615023417923904
ID_EA33EC25,1,0.7968967937707297
ID_1D677930,1,0.931742356500274
ID_B53D5B90,1,0.7468744029918287
ID_50FFD280,1,0.9303984471030576
ID_2BDC8AA4,1,0.8276550502667107
ID_B3605B4D,0,0.1879239990585421
ID_AE47F0F7,1,0.62876384807562
ID_16A018CB,1,0.8160009441276781
ID_720785CB,1,0.5612765855684025
ID_B799239D,1,0.9107086932710176
ID_437ED2F1,0,0.24273676755062454
ID_7D5813AC,1,0.9646787509782379
ID_D3CAE29D,1,0.62281962486735
ID_144620C3,0,0.18321192080241
ID_52C8952F,1,0.6772648036300865
ID_884EA7F1,1,0.8707904030250905
ID_E6A9BFC0,0,0.42103969141324304
ID_DBC768CB,0,0.24478677641724841
ID_7784F392,1,0.5974734663084126
ID_7B9B4263,1,0.8956751672865589
ID_B1CF77F8,0,0.25561140318352465
ID_A1A94174,1,0.9007744636574362
ID_CF2E8085,0,0.17696593978396766
ID_DB02126F,0,0.30377139461772656
ID_49882C60,0,0.4912491267362004
ID_C63D56D5,1,0.9289426916596737
ID_02D51717,1,0.6005377116634751
ID_954CBC81,1,0.5613384310125773
ID_C055BEFC,1,0.8124901805207569
ID_AC683379,1,0.8666772787877776
ID_9E7DBF53,0,0.30344700253470513
ID_5EB875B2,1,0.7257666390784725
ID_5E77E448,0,0.34716989462506787
ID_CC3F86C7,0,0.19374200755884585
ID_2F4A5A96,1,0.572158545733128
ID_8287C57C,1,0.6438656251901108
ID_A6AD2CBC,0,0.2358317653469136
ID_A82A687F,0,0.09733184972452197
ID_701AC83D,0,0.39180031398023596
ID_57727844,1,0.5916518955192615
ID_94CEB354,0,0.39378505035278044
ID_50E3E2AE,1,0.7569212227274115
ID_646D617F,1,0.6499984385172627
ID_2E1B02E1,0,0.3130319871552248
ID_200A3BC5,1,0.6578868066004939
ID_4AF83B98,0,0.0689703463060442
ID_A325DAA1,1,0.7195485812689629
ID_297F9520,0,0.3075556595327391
ID_50B18C66,0,0.13100816418340003
ID_B888E881,1,0.6297284730686132
ID_6A693FA9,0,0.2710771750771846
ID_F570FEDB,0,0.4153183148447533
ID_13B39D72,0,0.10793056168390636
ID_D992BD42,0,0.05250251709084356
ID_814BFE2A,1,0.719843876567376
ID_D411550E,1,0.6980432738274066
ID_2892CFC2,1,0.8872345481531109
ID_585EE8A5,1,0.6477462987728946
ID_47F36258,0,0.4815654711276281
ID_086BF3D6,1,0.5141049657383648
ID_8CA9541B,0,0.3111792005247878
ID_8002205A,1,0.5476865388244572
ID_85B6A3C2,1,0.6065856819455446
ID_5AD2BD30,1,0.5581609891224746
ID_1963EFB3,1,0.5534510139812867
ID_7395017A,1,0.5891633769136145
ID_E61EC312,0,0.19311314796828327
ID_AB569713,1,0.6805275211458931
ID_E94C9321,1,0.50368838776077
ID_945A8A14,0,0.1982082873138399
ID_D9505F8B,1,0.7024005777188297
ID_07D37772,1,0.5657081456070362
ID_C9BE095C,0,0.4115648099729839
ID_F95A30AB,0,0.14204101773804897
ID_F5CCC3CE,1,0.6101517176004277
ID_C371D420,0,0.25799471444143957
ID_3DEE48F8,0,0.1597085278979993
ID_BA75D1F6,0,0.20278419066967238
ID_B41984EB,1,0.5456868735301866
ID_131B2628,1,0.702174380224752
ID_0580C84E,1,0.7958798593362665
ID_C575D4C2,0,0.2569186094682388
ID_D17A03A7,0,0.3842209904263172
ID_7B345817,1,0.6304943143010827
ID_005ED879,1,0.6296341490681199
ID_1690A21F,0,0.18181568865048459
ID_2FD873B7,0,0.45957910454626183
ID_3FA81345,1,0.6818108259100248
ID_88FA7808,1,0.6502031283998846
ID_1F0D149C,0,0.11917559306884812
ID_3376BE57,0,0.31172391557538254
ID_131E28BE,0,0.3558722391387541
ID_F2090260,0,0.20139152854797726
ID_08DABC1A,1,0.7119981440777092
ID_52B36550,0,0.3935079766839771
ID_2EDED264,1,0.6563729060648987
ID_8E75754A,0,0.48606828768126525
ID_7287BC35,1,0.7433362209905819
ID_866D32E0,0,0.05166913639938268
ID_578F79E1,1,0.5462699726911356
ID_AAB742CE,0,0.15832654806007826
ID_15DCC4A1,1,0.7389628834814793
ID_79856E17,0,0.2102613916032375
ID_48EDA830,1,0.9672251425801592
ID_13E3897A,1,0.65277565231872
ID_339328A8,1,0.9084552203411699
ID_A5B08786,1,0.9175309992484566
ID_76479068,0,0.34422071740764354
ID_213771F2,0,0.3666123560446217
ID_CFE5920E,1,0.5390727178888812
ID_044494D0,1,0.7684978854027421
ID_38964A48,1,0.6307611163200274
ID_AF48463A,1,0.5417014358910576
ID_A47C81B0,1,0.5828992434962506
ID_363BF066,1,0.6517710631035344
ID_319F9F11,0,0.2732246937578161
ID_FA327E0E,0,0.27308891872653723
ID_8B47DDFF,0,0.42027661218008316
ID_7C2091B9,0,0.08023626627454807
ID_6EE69B0D,1,0.6391994357805153
ID_3EC4D865,1,0.5673104156680329
ID_6EF127B9,0,0.38664700140758984
ID_6212C6A0,0,0.4696586925440813
ID_73BD9B55,0,0.4521711381071675
ID_48710A33,1,0.5400800072519846
ID_9F378BBA,0,0.22848009228772
ID_F1F95B68,1,0.7367398075537057
ID_36C7DD36,1,0.6895861520565486
ID_D2049886,0,0.4517084424817777
ID_C587EF64,0,0.43076018903751434
ID_42F42752,1,0.6977874781786401
ID_5079E721,1,0.6719391550609264
ID_BEDC9979,0,0.11281191594458607
ID_EFCB896F,0,0.3678677575374442
ID_193B5730,1,0.6842525764989489
ID_B00D5BE9,1,0.8418810827309521
ID_09CC6075,0,0.3733954116641021
ID_ACB0BFAA,0,0.07319417438692394
ID_919A1A44,1,0.7859841529871359
ID_2553FC19,1,0.9569566427546219
ID_89282CE8,0,0.40702862108115373
ID_A4A83A70,1,0.7511305962097629
ID_9D58A389,0,0.276212937651584
ID_39FEA5BE,1,0.788258328068126
ID_4DF5742A,1,0.9344494433689065
ID_D89E7EB1,0,0.4073241834107038
ID_378362AC,1,0.7291085419948936
ID_E005FD7B,0,0.3221471907297307
ID_6D221F3F,0,0.08999883250633965
ID_1CCA366E,1,0.5556977640815884
ID_3E15F61C,1,0.6906170978511289
ID_B3062E82,0,0.0199462019115763
ID_E7C58C9F,1,0.7103186843926158
ID_9A30F0A1,1,0.7229444996267352
ID_A9E32FDF,0,0.3172758911111281
ID_D1C04988,1,0.5198362651168364
ID_86FD2E5E,1,0.5153903049623642
ID_F85084F1,0,0.27283087812895773
ID_6C79B80E,0,0.19799758853855523
ID_641E6DFE,1,0.6000938248026849
ID_7441A196,0,0.2240418570477729
ID_1564B9F5,1,0.7676933728365741
ID_931B5FE1,0,0.42380514822582666
ID_637D9E73,0,0.26062338062111073
ID_2C3E9488,0,0.12412605440687631
ID_F54DC975,1,0.5204730736976879
ID_F7FCC396,0,0.4510369234165014
ID_8F61D00C,0,0.26414525115271476
ID_890F1B88,1,0.5283744030957199
ID_8FA74192,0,0.4390019330140224
ID_69E42528,0,0.22308729679124528
ID_44325939,0,0.41242414642856257
ID_CF88F53D,1,0.9138281706521311
ID_25AE799B,0,0.0742748811981199
ID_D1479C87,1,0.8812822106375099
ID_010986EF,1,0.9349668337610676
ID_7F3812BB,1,0.8520390669727599
ID_9C186D11,1,0.6485032275008442
ID_AE1D5DDC,1,0.5108180793050722
ID_F637D491,1,0.5232700430031308
ID_D851C917,0,0.31801194265197363
ID_E52AD25B,0,0.3921336077584574
ID_C6F9F1B4,1,0.7653893254350285
ID_DB23A499,1,0.5038263884271714
ID_57C6B9E3,1,0.5684946663795589
ID_FBEAD3BE,0,0.22291702576807512
ID_D51839F8,1,0.7435716005195192
ID_C222079F,1,0.691909326410514
ID_E52BA1F9,0,0.25194577234174914
ID_8F82CE3F,0,0.38262113595060465
ID_465E85C8,0,0.47896632986875504
ID_73252921,1,0.5693765920870352
ID_88085FD6,1,0.7777913452540961
ID_1880C4DA,1,0.5585013041981015
ID_83DE95DB,0,0.22596193163694792
ID_C42E904C,0,0.44663102169860563
ID_1505E510,1,0.780745529012778
ID_ABCD6735,0,0.11116258160361392
ID_7F075023,1,0.8704291511080622
ID_A10C2622,1,0.7545933948793883
ID_349450A8,0,0.4169114024093706
ID_56BD98C0,0,0.023015325926676117
ID_79652E47,0,0.10114585346874923
ID_153F5F06,0,0.44563727346408716
ID_F066081E,1,0.7986117289201596
ID_8BCEDF1C,1,0.5472130028834564
ID_97657485,1,0.710152552007397
ID_D586D676,1,0.8074583448233094
ID_F5C6DBD2,1,0.7316748236277526
ID_9A09C017,1,0.5540637116717311
ID_17D6C3FF,1,0.5726342703738013
ID_DFBD516A,1,0.8394621291428775
ID_9EF6CCE1,0,0.2796151214343186
ID_7F734618,0,0.23429668369812015
ID_DE3B27E2,1,0.6163637916050494
ID_C88525D4,0,0.16038683511292873
ID_7B1F877F,1,0.8684248733195031
ID_74EC6B97,1,0.6767433215998543
ID_B51D88FA,0,0.4185337088044166
ID_4E93276E,1,0.6948016109047225
ID_89E21611,1,0.5941132036843507
ID_DA038928,0,0.41977725690210915
ID_41919990,1,0.5274484974490622
ID_C7CF54E8,1,0.8988085871045456
ID_013744F3,1,0.6182338122141448
ID_5C7FBC6B,1,0.8883247046630766
ID_BDADE0D7,1,0.5237849338979458
ID_8DF883D2,0,0.3667814251812138
ID_0676190A,1,0.7911924851477883
ID_56E935BA,1,0.7526269151903139
ID_4DF41587,1,0.8930554242131326
ID_3F2C77EB,0,0.06281226331639851
ID_8BDC07EF,1,0.556104061315458
ID_BF8D1B66,0,0.45668049206608097
ID_451155EB,1,0.5043392962796749
ID_C9349F29,1,0.5462854402700428
ID_36BA6093,1,0.5505860433434936
ID_35CECC9A,1,0.6052621392635977
ID_BBF46F32,1,0.784467861580434
ID_217B5C98,1,0.8961895570745396
ID_3DBE7E47,0,0.3545775102501468
ID_FA776E81,1,0.8984516454418703
ID_E29DADEA,0,0.4935621888834149
ID_911AD860,0,0.3713567550671697
ID_CAC43CF7,1,0.9084523655382865
ID_A3FBDDCC,0,0.4187360153341421
ID_A6652C52,0,0.24578581944482572
ID_82DEF492,1,0.5355007424402135
